Jaar;Gewone zeehond;Grijze zeehond
1990;100;100
1991;133;133
1992;170;200
1993;191;244
1994;219;244
1995;251;306
1996;282;350
1997;358;356
1998;409;389
1999;429;611
2000;596;578
2001;644;617
2002;808;1044
2003;430;1173
2004;571;1301
2005;625;1828
2006;728;2197
2007;751;1887
2008;1068;2094
2009;1158;2763
2010;1075;2687
2011;1348;3405
2012;1224;4326
2013;1428;3034
2014;;4631
2015;;
