Jaar;Gewone zeehond;Grijze zeehond;Bruinvis
1990;100;100;
1991;133;133;
1992;170;200;100
1993;191;244;31
1994;219;244;4
1995;251;306;144
1996;282;350;128
1997;358;356;100
1998;409;389;149
1999;429;611;44
2000;596;578;216
2001;644;617;167
2002;808;1044;129
2003;430;1173;379
2004;571;1301;97
2005;625;1828;211
2006;728;2197;51
2007;751;1887;243
2008;1068;2094;57
2009;1158;2763;149
2010;1075;2687;143
2011;1348;3405;64
2012;1224;4326;92
2013;1428;3034;564
2014;;4631;
2015;;;
